vehicle_id,battery_percentage,longitude,latitude
115166,9.9705,72.77977670595799,21.200504292653267
34581,9.876,72.77895405919541,21.163953677304683
225776,9.8965,72.88233651235815,21.222668922261846
137655,9.9355,72.78259243062347,21.20566678892987
295590,9.7125,72.82364115150675,21.181086633084487
176965,9.92,72.82699769750118,21.169677492554428
275263,9.859,72.84993246894386,21.209927888708
51819,9.9575,72.8595603104943,21.21348020606609
144969,9.945500000000001,72.81025143040155,21.162686792851108
125621,9.976500000000001,72.73902113779484,21.124633164753085
197052,9.8865,72.83171502426947,21.157857360848286
225439,9.976500000000001,72.88821964410072,21.22530211231657
34669,9.891,72.78254311198573,21.16631004322303
50237,9.9055,72.74874875057999,21.136396767387126
7419,9.944,72.87208512339129,21.151840665352527
274333,9.822000000000001,72.84094937672909,21.169013155146995
283,9.841,72.87434293627396,21.149486317132943
132878,9.958499999999999,72.74348143581375,21.131624335663677
317337,9.9465,72.73161530937085,21.123843566838506
180328,9.779,72.88661529235733,21.22492935340494
35264,9.939499999999999,72.7992903501227,21.1442904481084
292237,9.890500000000001,72.83563935014406,21.178967268274278
52517,9.8405,72.74661780724855,21.134591811585455
198314,9.882,72.81816150123898,21.14911877023957
199710,9.8105,72.81837252682018,21.149150038186498
35298,9.969999999999999,72.7892138479352,21.17056870138191
135742,9.339,72.78319509815462,21.209948273953547
111280,9.945,72.72553469679887,21.09467342616519
295321,9.8285,72.79895538608731,21.14488291485146
12822,9.845,72.81477119488126,21.17615134539254
111663,9.986,72.72345250097379,21.090107089511978
305948,9.8065,72.87570352655666,21.14781285211032
118574,9.684999999999999,72.80839012366607,21.193613659207237
21999,9.9175,72.79402453761347,21.17442780697573
279085,9.997499999999999,72.88216549135345,21.222976746198135
314149,9.998999999999999,72.84019007363561,21.20515666008615
63,9.709000000000001,72.869648115692,21.154682907182817
211440,9.8675,72.81118372703557,21.157202551382955
106246,9.9875,72.86206627335532,21.15058157110578
181911,9.9605,72.78768549226763,21.157136342350892
108866,9.9935,72.82163886853006,21.185796301355825
138586,9.954500000000001,72.81580593569372,21.19727259895228
294984,9.9,72.82869826792655,21.125778195264857
141751,9.980500000000001,72.83829458299512,21.175851163292894
109859,9.785499999999999,72.82188160495615,21.185941228700294
308028,9.9315,72.82146451972417,21.231278405065055
320596,9.397499999999999,72.85933376794539,21.16810912940723
111972,9.9085,72.72343750694456,21.09007446678184
33118,9.887500000000001,72.7961332140485,21.160529042204033
300932,9.9735,72.87639060876036,21.211120614903304
174797,9.9205,72.8173828971499,21.16417735935689
56029,9.908999999999999,72.86302991115474,21.233185043988218
303938,9.684999999999999,72.86678899111965,21.217587187387288
305684,9.847,72.81443814481413,21.18400806345815
27678,9.654,72.79525930825896,21.15990676416254
17102,9.785499999999999,72.83122647045093,21.174837691635503
281981,9.987,72.79823224959767,21.255202812617778
20862,9.869,72.79758749035597,21.17771281017068
42524,9.994499999999999,72.80065085898514,21.203272241097434
189702,9.887,72.86918015908672,21.172216385632616
52563,9.802,72.74596129480878,21.134044860682135
191106,9.9795,72.86639689905158,21.155993279462677
112333,9.966,72.72332396589013,21.0898274333894
148526,9.937999999999999,72.76865141256718,21.158420233398665
55324,9.972,72.8505088341167,21.13826029327731
178472,9.8765,72.86634205559682,21.15593539580973
276043,9.792000000000002,72.77269454969449,21.151212766236092
319699,9.828000000000001,72.75686153957729,21.143229619210786
48671,9.925,72.8680616636472,21.153120354234723
519,9.9815,72.87337954471917,21.150352468477376
133159,9.9665,72.74264460426504,21.130778526776812
268092,9.98,72.76004887216425,21.137156397927637
111122,9.8125,72.72210435086181,21.087206989882095
276914,9.8815,72.85014194643584,21.209975295474987
55573,9.883000000000001,72.74445208369198,21.1325972129633
123566,9.85,72.83259659852162,21.150647238870185
306716,9.976,72.879520591586,21.212839509603672
131493,9.837,72.84248658504195,21.191134837771013
28414,9.9995,72.78929804216274,21.157795908290336
292526,9.9615,72.83784227677654,21.180116494698947
8629,9.9235,72.87225903428984,21.15173303022968
49090,9.991,72.84959899603557,21.20977162649391
54587,9.9185,72.82134597729392,21.231777334178176
249444,9.890500000000001,72.80949263570422,21.169323650206604
5967,9.991999999999999,72.87284620499368,21.15096141156393
7420,9.9325,72.87261795417302,21.15127081941447
122556,9.65,72.83102263679204,21.14994500459082
14249,9.8025,72.82049533785931,21.16849852048447
191659,9.99,72.86657828248188,21.155879817202855
206726,9.958499999999999,72.8473324802138,21.223813558719893
312814,9.6335,72.84019842495887,21.206846463309383
266902,9.85,72.84680458556446,21.19418670841894
116862,9.887,72.78101382466947,21.20714881531503
312760,9.576500000000001,72.84028355709796,21.206865488771214
5461,9.8225,72.87274670459259,21.151097667808102
107368,9.9325,72.83414092283213,21.178356058413684
117782,9.9015,72.78060616570464,21.202782495178575
131473,9.955,72.84351976208028,21.1926103453965
244637,9.777,72.8572955457331,21.24631059072886
9763,9.520000000000001,72.87280325338234,21.15102073389925
129889,9.939499999999999,72.82388918840493,21.210057054057945
140870,9.927,72.85462366904821,21.186004975636166
149032,9.997499999999999,72.76678890598225,21.157064693621482
48707,9.988,72.82166040804435,21.22174028096187
21717,9.345,72.86616394714645,21.231702971458738
243694,9.8275,72.85757122348585,21.249265787333062
27511,9.9965,72.79010974284559,21.158127982424844
199293,9.958,72.81768323396484,21.17142797696691
9007,9.913,72.87206960886193,21.151850267426457
123590,9.9,72.83336238122556,21.1507213841521
191377,9.928,72.86247887133621,21.158235578347252
207965,9.8825,72.84567858179312,21.225370738974362
7790,9.9535,72.87073491777389,21.152906276696857
315769,9.7415,72.82274495675564,21.21586496786807
56597,9.949,72.87160571337515,21.166991774999364
5744,9.9565,72.87273757903802,21.15110994044178
207451,9.7995,72.84611502547355,21.225036425129538
20821,9.9405,72.79372755538547,21.174161189382847
292531,9.9865,72.79674227044077,21.14398426389529
234395,9.887500000000001,72.86942064900252,21.19375850254884
272267,9.873,72.86975018125293,21.192228503098093
9050,9.738,72.87076675544952,21.15287755031174
207092,9.9195,72.8474749834836,21.223676004007363
272261,9.991999999999999,72.87082704298946,21.18700740998731
274633,9.9905,72.76146768177058,21.137482681650575
49044,9.873,72.85296526396915,21.210969669195237
139098,9.8365,72.85045386399602,21.17140400354664
321275,9.915000000000001,72.84789716971662,21.147557762697684
173466,9.663499999999999,72.85527721646804,21.19920809227174
16577,9.9875,72.86215509044628,21.24822424084233
267124,9.921,72.84527850084166,21.194380183798266
32187,9.9065,72.86328486298294,21.25110665091672
276546,9.961,72.828026580813,21.190566111009133
320771,9.855,72.81828645342353,21.236570260566733
21303,9.764000000000001,72.85813903796516,21.172471099438688
277584,9.9755,72.84920378893602,21.20406385115362
42383,9.9785,72.7995242707976,21.204495004549557
56341,9.92,72.82250884653752,21.212667153880762
82804,9.9985,72.75298577265042,21.13869155530558
107725,9.936,72.82803990677368,21.16716944288609
116618,9.9615,72.7820221374715,21.209585383248548
155570,9.8705,72.7982482739662,21.147324352925853
17251,9.700000000000001,72.84464690784702,21.16753900630643
19951,9.9505,72.82964275513655,21.16595009183722
244799,9.956999999999999,72.85678846530662,21.24764326190645
275721,9.9735,72.77131856902587,21.159517381772954
49040,9.913,72.85312707399368,21.211024812819126
79074,9.825000000000001,72.74930859004238,21.136816983107316
147938,9.9995,72.85360081251679,21.211012398222
312829,9.779,72.84112295097312,21.207479790189257
317508,9.92,72.72589214710469,21.123099438705736
295638,9.8255,72.8238041552857,21.181110042024223
317494,9.9445,72.72643010974078,21.123154308975515
144970,9.944,72.81101521753612,21.158727052809425
46075,9.9595,72.8143876188459,21.218147087355643
265448,9.788,72.89885005522386,21.126087210835873
306942,9.954,72.7492985426242,21.13684714930852
116787,9.9615,72.78101470756265,21.207005301423727
206283,9.9275,72.8425304845028,21.227912670977684
29212,9.7525,72.80586007048161,21.14725104596325
243651,9.764000000000001,72.8568393125336,21.24639653980208
85931,9.709000000000001,72.75027450791015,21.13760827024746
78264,9.8765,72.75020748203137,21.137553362572202
21596,9.7395,72.81734725230969,21.164300996245377
235086,9.8995,72.86974827390385,21.190425599463
305466,9.732,72.79359213911746,21.174115282336185
277195,9.86,72.87067189491941,21.186672714820617
75145,9.844,72.87203578248437,21.162557720594766
227747,9.820500000000001,72.79347885430899,21.18489819030658
251953,9.818,72.8051252374646,21.199143251486504
61745,9.9325,72.82483901603385,21.19097060249416
199110,9.8765,72.81239850863554,21.170056014866933
249332,9.897499999999999,72.80756778263151,21.168624030046146
14720,9.9195,72.81411536260275,21.16704437339788
15243,9.959999999999999,72.78831018363928,21.21097150716311
117137,9.8925,72.7810623489456,21.20866669588302
314311,9.890500000000001,72.73316907318215,21.111461344420846
83887,9.8485,72.75154457485199,21.138633468953532
88428,9.531999999999998,72.75135939332742,21.13850496536264
87328,9.1485,72.75137201926054,21.138513102116065
243986,9.937999999999999,72.85896851489606,21.24598627912586
62098,9.901,72.82195960466599,21.19069543979775
107684,9.973,72.83172997622722,21.15778393275318
29619,9.843,72.78805142814426,21.21095283306345
117571,9.934,72.78102363768056,21.205556573659507
39882,9.7315,72.87039527177703,21.19947024486598
80221,9.823500000000001,72.75134543705657,21.138495937220966
115526,9.831000000000001,72.7810215721455,21.205897295858172
224265,9.8305,72.82430876567436,21.180337457752653
321289,9.963,72.84851333250391,21.14348048077379
7079,9.765,72.8690125740601,21.15386475685181
9345,9.993,72.86595274115447,21.156217724270896
121893,9.7185,72.83911231404082,21.180657892385472
9691,9.901,72.86835593691947,21.15346340664753
293367,9.772499999999999,72.79730767695513,21.144072612398183
39134,9.995,72.87036738533902,21.199329922723695
107409,9.973,72.84001716610983,21.18102413506173
47513,9.820500000000001,72.87080912122109,21.200180799095452
27719,9.948500000000001,72.79532537799608,21.15991669365971
60005,9.9985,72.82776625164239,21.19035529217049
116896,9.799,72.7830807778078,21.209919741622745
167079,9.966,72.84503204802363,21.178142931275644
260418,9.823500000000001,72.81847048834575,21.235410495386795
285467,9.8985,72.86967099234691,21.19079573617829
272248,9.985,72.86799517483401,21.198558854413335
15178,9.961,72.78678930951068,21.210718123747384
260702,9.913,72.81845802559775,21.235590055570306
271506,9.843,72.81139617677103,21.195055664270075
39021,9.808,72.87320706047278,21.203821131464327
191773,9.9135,72.86812301046855,21.15501244329263
248268,9.9305,72.8051148277653,21.167497878065117
119558,9.918000000000001,72.83419378300327,21.178376359276683
155426,9.727,72.79896762824335,21.144815994524567
33384,9.943,72.79107457053217,21.17197898468333
67166,9.9875,72.82521407469928,21.18894700711198
12140,9.884500000000001,72.83103738204082,21.17517757402705
157126,9.894,72.798805043481,21.14570473888985
243806,9.801,72.85691069572309,21.246383092122137
259819,9.753499999999999,72.81823204213066,21.23677785754732
87271,9.968499999999999,72.75146093933398,21.137950624610006
153219,9.683,72.7668499105078,21.156173622008804
80661,9.6025,72.75142808665663,21.13854834178584
302631,9.975000000000001,72.80451025201594,21.199450120769846
85019,9.9425,72.75213807039934,21.13911426175817
252994,9.8605,72.80287325004286,21.200717263903993
271497,9.425,72.81049683081564,21.198108810716565
76747,9.6935,72.837655166139,21.174630160142108
295294,9.931,72.79872886549995,21.146121149242703
312339,9.862,72.84035787958925,21.206880167597554
142098,9.7265,72.83958939125557,21.183242162723303
249164,9.9845,72.80379609812042,21.166879781519217
44140,9.902,72.8679390232563,21.198713229934956
47512,9.998,72.8731658830396,21.205788117564435
47548,9.936499999999999,72.87249215043013,21.20839120004148
67772,9.937,72.81950095845012,21.190620585831606
131435,9.884500000000001,72.84335277653851,21.192354309459912
252110,9.9905,72.80159440346446,21.202162151799126
31920,9.9905,72.8619217362884,21.247621298038048
151598,9.9185,72.76733129789861,21.155070452636313
117022,9.8165,72.78296406452225,21.20989052058755
121497,9.8195,72.82225298150968,21.186155678090035
181725,9.844,72.78753397013438,21.15707596492668
182976,9.812999999999999,72.79894745637323,21.144926261672428
262203,9.959999999999999,72.84796642027337,21.14673011581009
271272,9.8125,72.81053059015302,21.1964579270937
276414,9.9745,72.84214827219363,21.181929911578024
42501,9.9925,72.79704006842255,21.207147146249184
181095,9.9295,72.76924417599867,21.158744094204256
181386,9.841,72.82567554250875,21.14360776987801
215404,9.901,72.8117185028822,21.197996367014575
32559,9.991,72.8480968335945,21.1451438272556
88,9.706000000000001,72.87286927450754,21.151135316811576
120259,9.907499999999999,72.83328973032023,21.150719321919713
122517,9.8405,72.83124373767629,21.1487004713077
125520,9.9505,72.83827198140412,21.202507224151063
181749,9.8595,72.77823391951382,21.153536817596798
275970,9.977,72.77721688526663,21.16277197726932
277849,9.9745,72.84858597067478,21.200627933974715
35501,9.8515,72.89291742784049,21.13167300756235
106915,9.8165,72.82449257776481,21.187634449385822
142885,9.951,72.84453021018477,21.21793229115837
291137,9.906,72.89283490355268,21.131741747782993
163760,9.832500000000001,72.85233975199657,21.184164500291608
291139,9.6675,72.89276478788402,21.131813481140853
109990,9.961,72.82564189454008,21.18880411691375
131160,9.978000000000002,72.84849350240245,21.147249264233167
139820,9.929,72.84826125817425,21.14723574503376
284398,9.948500000000001,72.87042861879873,21.187697391269445
314008,9.981,72.84136079013237,21.206971933633145
175206,9.76,72.85397735332442,21.21131492600258
179891,9.986,72.88845001672115,21.22542020763488
268075,9.708,72.75939642171802,21.137013765168845
37824,9.919,72.75311312991424,21.136712423328042
62935,9.7775,72.82432691737557,21.190922440409157
16993,9.958,72.8380413603296,21.166857947359777
242828,9.9885,72.81935318347468,21.175607029683427
266589,9.916,72.82999935222195,21.194001206396482
277690,9.7945,72.84834910915362,21.200621179597054
55845,9.969,72.82564946355865,21.20615185118846
253142,9.971499999999999,72.79986191082742,21.204104845064556
139914,9.8345,72.82559874753855,21.20665952212715
280640,9.931,72.84017538810885,21.204375755362566
107650,9.829500000000001,72.83128394567483,21.159845479374702
20002,9.951,72.83024371520558,21.163894636674193
33232,9.841,72.78591937293108,21.168240195553043
137901,9.6205,72.78313261456756,21.20993271975457
18851,9.9745,72.84998395195514,21.16543739611127
290681,9.823500000000001,72.83982497394861,21.206154226100875
296324,9.9635,72.87124938289983,21.185248947830768
122819,9.906,72.82440348910325,21.187558776641787
308493,9.8895,72.86634366632379,21.22486065281871
133174,9.9495,72.740141243341,21.12722963777498
136302,9.6995,72.78432854659496,21.210221174409014
1580,9.5805,72.87129677795227,21.152555558420453
279818,9.7945,72.84018354620207,21.204429390464487
191365,9.9445,72.86214259266373,21.158424353951695
250667,9.806000000000001,72.8106698613484,21.160202181302235
119319,9.8705,72.84104066978104,21.18142937010171
135387,9.936,72.78307602222314,21.20991855098794
112799,9.9005,72.82926708664667,21.122292171389425
1350,9.5465,72.87146631669336,21.152405931406996
228270,9.634,72.81820655067004,21.176028333175307
283784,9.8795,72.8401750243036,21.20512902131048
290431,9.989,72.86950833865136,21.192957007153918
41116,9.8605,72.76848500812048,21.14831491984573
142524,9.995999999999999,72.84073870182931,21.21972120461517
191807,9.68,72.86201617058445,21.158495322769802
293389,9.7925,72.79359197203696,21.143433909228847
55139,9.9525,72.86335927113512,21.216146583389133
56470,9.924,72.87193196936215,21.163691343993815
89375,9.983,72.75649781489803,21.142778866762825
119449,9.965,72.83803286686837,21.1802015536708
137998,9.933499999999999,72.78309598308489,21.209923548500086
77083,9.807500000000001,72.81517370341683,21.188472235342434
15212,9.895999999999999,72.78667784639359,21.21069745100996
33302,9.756499999999999,72.78731911934445,21.16936495062101
316674,9.951,72.84073501438229,21.15148489400281
136970,9.814499999999999,72.78431855885515,21.210218856903854
148281,9.9785,72.86136392673626,21.214338483000144
165711,9.876,72.85510309175791,21.18047265544608
109970,9.946,72.82702778397287,21.18957912482595
12810,9.847,72.81427730991714,21.176104253132984
234344,9.8615,72.86824950411199,21.197154563359234
119304,9.8895,72.83921529624897,21.18069896176777
143410,9.854000000000001,72.84621661775846,21.1942615552502
175746,9.9785,72.85009054532364,21.209956014229284
183279,9.7295,72.79831716835561,21.148362469934373
59346,9.949,72.84152959374832,21.18168695883994
211937,9.8795,72.87267452574174,21.207745192872025
238061,9.6045,72.869816759876,21.201930247495838
138460,9.8435,72.82395707719328,21.19781872932558
284373,9.831000000000001,72.83844173866885,21.202629462575747
296233,9.8575,72.87066456480999,21.18767232782918
45899,9.9745,72.87251402361791,21.151360111038144
6898,9.769499999999999,72.87251157898108,21.151413879007453
242040,9.958,72.86968870186935,21.201913984105783
303861,9.8505,72.86645724396992,21.220384904150936
66235,9.7945,72.82540435006972,21.189202128166794
130877,9.6275,72.8275957443706,21.150129314975505
206552,9.762,72.84326021576716,21.227269178691017
59169,9.873999999999999,72.84053172005785,21.1812607416859
8423,9.945500000000001,72.87258206594568,21.151319084047522
6234,9.807500000000001,72.87237101217782,21.151600301106303
137124,9.803,72.7865999115779,21.210653459597346
29450,9.9015,72.78882130374656,21.211095991993314
6846,9.858,72.86966548855317,21.154083351532684
72708,9.858,72.8721272331135,21.16131973892206
155680,9.9115,72.7985332298035,21.14587955096843
165230,9.951500000000001,72.8484073863897,21.185473757746195
28588,9.7095,72.79504415156637,21.15987442848025
290114,9.974,72.83732411149154,21.202042739653074
55188,9.820500000000001,72.86527051265155,21.216923007086773
268031,9.849,72.75524380503252,21.136142502078
138557,9.9705,72.8249864222531,21.198566985661305
212724,9.770999999999999,72.79877523129443,21.1643030321009
210876,9.937,72.84065863079073,21.209408889985678
283295,9.8995,72.7942675983421,21.249681764539893
73733,9.9825,72.81962464222173,21.234975865301557
111173,9.879,72.72019978608229,21.085612040144916
129535,9.9175,72.84499262256469,21.178180556099115
165051,9.869499999999999,72.8543635238026,21.182595442041045
181946,9.8735,72.7811187711237,21.154543960235422
216109,9.6625,72.82315716662836,21.197476998513277
225380,9.8855,72.88592281263402,21.224257158326
234725,9.976500000000001,72.86855200778193,21.196282967161327
47631,9.9095,72.74124311229309,21.12936197101367
108960,9.8345,72.82571540244187,21.1889615456699
118186,9.918000000000001,72.78095776663969,21.20439430480145
16468,9.937,72.81925131990631,21.16658879624488
209563,9.8855,72.86284962698318,21.233462243297495
65431,9.869499999999999,72.81937296672868,21.183940421354745
135763,9.203,72.78318046376953,21.209944686007425
139508,9.98,72.85340730723762,21.148222568507943
165060,9.9995,72.85547429585017,21.1791560994722
166180,9.954500000000001,72.85368653959567,21.183777040711163
135350,9.908999999999999,72.78930972474288,21.21115733038321
182974,9.8815,72.79794502984302,21.150565630546904
320232,9.463,72.79713652920402,21.15968357255108
129444,9.704500000000001,72.84541447383882,21.177790692096018
41192,9.84,72.76651567853861,21.1486649926424
72677,9.949,72.87199331932905,21.163021414964643
148269,9.8765,72.85660121909294,21.212154702491453
15659,9.776,72.87098349926788,21.174530946865012
180603,9.881,72.88208801434182,21.222943346409874
218096,9.7645,72.82406356418241,21.209810840226645
316593,9.867,72.84399485122425,21.151807043702973
66064,9.940999999999999,72.81870805268653,21.18182973555997
107307,9.824,72.8387812702524,21.180525871311854
136941,9.945,72.78342091232894,21.210003637159257
212312,9.9675,72.79878312751605,21.16431214873091
129637,9.969999999999999,72.84624824220882,21.17702653199968
271525,9.9465,72.80874787804834,21.198442662580288
283305,9.790000000000001,72.79774123661022,21.255048715203497
47371,9.9855,72.87222196897552,21.201937541561147
286615,9.8825,72.8201133756232,21.23874243634645
302506,9.961,72.80537084106903,21.19905950713634
285642,9.888,72.87019919451957,21.188652077720416
43745,9.811499999999999,72.82247568593677,21.213224542005975
245252,9.887,72.83984116698292,21.171671694856503
281913,9.2045,72.79770402188046,21.255032203132796
33488,9.821,72.7844089688137,21.167391560044578
116379,9.994,72.78101994802178,21.20615455519738
212022,9.940999999999999,72.87309158877075,21.20337903446797
167979,9.914000000000001,72.84283853408415,21.180190936541
176662,9.958499999999999,72.85546311917732,21.211801612642763
124645,9.791500000000001,72.83780682649869,21.186039616928607
291119,9.979000000000001,72.89747907454547,21.126942860693557
153376,9.771500000000001,72.76717585837208,21.14894608359752
300542,9.8165,72.7874204721495,21.157031049510667
41611,9.951,72.77720784002487,21.16994345516534
119508,9.906,72.84336416815029,21.179703098772688
140073,9.907,72.82319170728894,21.211206661247196
107139,9.9625,72.84044935358348,21.182576386447366
167137,9.649,72.84170418553954,21.181236777491527
287047,9.9355,72.82015830819884,21.238314440939167
291470,9.7365,72.89614181486527,21.128249033968217
32517,9.823500000000001,72.8515040977314,21.13578168277259
121108,9.952,72.82980723076085,21.192553133532392
136252,9.918000000000001,72.7856315595322,21.210472971195294
222093,9.9415,72.86640211043091,21.205429561990105
8664,9.9605,72.86984544168273,21.153753446232347
132305,9.969,72.83702046366967,21.20182115800201
204413,9.864,72.82088742105503,21.19707468723017
283197,9.910499999999999,72.7970429112115,21.254667401813247
166980,9.92,72.84802298069313,21.173247355940145
158110,9.8985,72.79880368814472,21.145712147567092
200671,9.644,72.81644450713719,21.19719383878522
219651,9.9935,72.82466973777431,21.207891685434628
212293,9.9995,72.79876045813718,21.164285975659894
226939,9.8745,72.81525721459006,21.17081657757845
117721,9.9725,72.7810151268599,21.205144512068586
76983,9.78,72.83508503368529,21.17876521957793
276737,9.936,72.86466169014189,21.17424036904219
279652,9.8595,72.83608198189603,21.201229427910643
78050,9.961,72.76028910444649,21.146823131295612
18115,9.995,72.79588015268519,21.17611104010606
6502,9.466,72.86889720026032,21.154431047084024
136917,9.9625,72.7880945386696,21.210931433847083
286187,9.562000000000001,72.82030296971396,21.23682096703165
59722,9.8675,72.84075289798729,21.181346252066913
8805,9.9085,72.869103051168,21.15396835201064
249993,9.9835,72.80801958245571,21.17540688091381
295393,9.868,72.81916453644527,21.183591880437547
59586,9.915500000000002,72.84042289515251,21.181217938609986
198299,9.7845,72.81325185920733,21.148031901219465
245,9.9955,72.87103694091584,21.158132934489128
119847,9.988,72.83633941506314,21.179418556960655
227190,9.9915,72.81671465170278,21.172767816795552
122452,9.979000000000001,72.83184798163434,21.145215727752056
13475,9.906,72.79240971237087,21.172771428342962
14428,9.895999999999999,72.8140637191236,21.170491799643244
16376,9.864,72.81870819686546,21.166150212351116
59092,9.751999999999999,72.83532421199445,21.178861296176326
77061,9.985,72.83391224226426,21.178304922700683
155322,9.9655,72.79822247471466,21.147474270418922
137974,9.6975,72.78657759275372,21.210649302320494
203762,9.624500000000001,72.82072312546876,21.19705289933799
242887,9.936499999999999,72.81796007506719,21.162517163511758
71099,9.956,72.82348456217193,21.197501149874935
117830,9.744499999999999,72.78106274861432,21.20866317552164
147589,9.9785,72.86188898797597,21.214607143494263
212330,9.9795,72.80325249074662,21.16662498513021
299073,9.69,72.80275400087142,21.16111882035034
199914,9.9895,72.81238296237923,21.14780188131721
277387,9.85,72.83924358624331,21.219612148331553
235732,9.9695,72.84857061023112,21.170825551360533
204760,9.886000000000001,72.820691482587,21.197048703030518
209994,9.834999999999999,72.85870247306558,21.23990954825992
287074,9.9695,72.82043198397007,21.236107721309846
17950,9.9595,72.79428720547965,21.174663617477858
70601,9.956,72.81354538734374,21.197684896943976
183135,9.862,72.79997083948832,21.144754492680867
109695,9.936499999999999,72.82401608582755,21.187285638815357
115630,9.8135,72.7813404581411,21.209465548576723
168419,9.832500000000001,72.84762701909534,21.17474931135379
199955,9.914000000000001,72.81121891360768,21.147525228343206
244420,9.57,72.85683113285575,21.246398080746644
130645,9.9735,72.83990007014911,21.20357265549175
195123,9.8895,72.85958964424226,21.241979913492653
315894,9.8425,72.822120157799,21.219042387509823
35982,9.958499999999999,72.84075883797829,21.20877875629277
166929,9.9065,72.84445493137423,21.178699294080197
311618,9.730500000000001,72.78948122310304,21.157839347542936
317023,9.9965,72.84016484876906,21.169993935067996
173594,9.910499999999999,72.85766748951488,21.19987198863557
266190,9.9085,72.90039520434473,21.124570608666968
167115,9.872,72.84166884279516,21.181269990352426
212038,9.937,72.87260081540724,21.208032395083066
284615,9.849,72.86933111204284,21.194158495923197
115553,9.9855,72.78104268506009,21.208839898991638
199907,9.8995,72.81070893459145,21.147404021688573
201507,9.8345,72.81301847426126,21.19777414064318
147118,9.6345,72.85232942308016,21.210600190170382
17707,9.8965,72.79366623454636,21.174106138054267
199956,9.9045,72.81078821684599,21.14742286480451
202895,9.908999999999999,72.82072600332747,21.197082469759135
295197,9.961,72.80125467956988,21.16107897419814
119935,9.926,72.84333452273732,21.179730509632748
51229,9.954,72.8669298031893,21.217432270570768
141409,9.683499999999999,72.8350273486001,21.20058985991639
203582,9.958499999999999,72.82457691232501,21.198440923568896
58959,9.948500000000001,72.83728121608043,21.179898088863695
278256,9.9325,72.86554664272263,21.19185679264779
299561,9.922,72.90237457947566,21.1133644461034
155976,9.9855,72.79876411858005,21.144709049088995
52188,9.898,72.86703493988303,21.217475363555486
282350,9.965,72.79462444867627,21.25053230896012
283758,9.936499999999999,72.84022646034646,21.20504072374514
106733,9.894,72.82571523486389,21.188982259618207
236147,9.994,72.84692215631335,21.176367168361416
310326,9.647499999999999,72.77963492709068,21.164328802153605
110441,9.3915,72.8261251877792,21.1892201381511
121993,9.876,72.84089691493465,21.1813707029406
285614,9.9535,72.8696545860501,21.191110403158884
228684,9.684000000000001,72.8164822802022,21.172222842085862
237439,9.684000000000001,72.8480306519859,21.173215995548535
249253,9.779,72.80783340264031,21.168740816978303
39168,9.84,72.87036960432246,21.19934175912696
211815,9.977,72.87329199014573,21.209486871499163
286971,9.950000000000001,72.82032460345714,21.23670134924613
119361,9.8515,72.8381649592973,21.18026050538404
181507,9.925,72.77840132001334,21.153608570133734
200555,9.9405,72.81721100892297,21.197063998309602
122231,9.977500000000001,72.83527202184413,21.178808882398478
204902,9.8005,72.82415591796887,21.19818034190049
132659,9.904,72.83805327625458,21.202392410519387
183537,9.887,72.79806021583559,21.149807200232164
224446,9.9,72.81667359303313,21.172672215685473
198329,9.817499999999999,72.80852095028735,21.1469380721797
145860,9.9055,72.85490730125618,21.21143023880412
129424,9.451,72.85002231764386,21.17339173742288
204472,9.878,72.82270095926384,21.197474645486174
165242,9.921,72.84596591406823,21.186362933248407
181799,9.9855,72.7838672434651,21.15562470997005
86858,9.734000000000002,72.75148572306671,21.13858667954948
87369,9.998999999999999,72.75240411927672,21.139311006839787
109313,9.8455,72.82669966023752,21.189298074718675
150965,9.907499999999999,72.76679238104062,21.156295470226663
79189,9.910499999999999,72.75277999529496,21.13692178883737
110337,9.9615,72.82523148318528,21.188357939844277
210752,9.916500000000001,72.82235252648064,21.190685343370053
274793,9.9875,72.77960779621489,21.16292527213636
78883,9.976500000000001,72.7520537667874,21.13745834023956
80299,9.883000000000001,72.75233817696147,21.13926205992755
87175,9.9145,72.75184258241391,21.1376143536882
118483,9.99,72.80982892447899,21.195405654742853
218270,9.464,72.82426711414907,21.209523431864334
234748,9.9225,72.86969334125102,21.190584688464636
14880,9.868,72.78743814317104,21.210809331889653
152918,9.7965,72.76717087023093,21.155493820296023
79603,9.9835,72.75150303993259,21.138599690859092
143323,9.525,72.84436819509747,21.19442775641897
195889,9.861,72.83628244765515,21.151169342018022
141043,9.9315,72.85894906930702,21.187920694931393
150871,9.762,72.76684875534471,21.15617606866283
111113,9.9785,72.72290999059241,21.08892715559639
115760,9.847999999999999,72.78537775160268,21.21044406023992
183185,9.9675,72.79845860754018,21.147597780714
286885,9.809,72.818500425172,21.23512566292985
310321,9.893500000000001,72.78198359318293,21.16593137207903
37683,9.9725,72.75391559693266,21.136119506490996
44665,9.838,72.86725326762111,21.201968027358518
44652,9.885,72.86726213162764,21.20188491035396
252754,9.986,72.79985367614074,21.204113770282465
78587,9.722,72.75151269315235,21.13860754130068
180853,9.852500000000001,72.7669899315039,21.15721135467615
123717,9.956,72.84213248921196,21.180834283084334
147750,9.878499999999999,72.85694118940022,21.21232164055332
157828,9.9285,72.7985769111089,21.146951765784372
213556,9.8425,72.80912153951192,21.155561290911823
226948,9.777,72.81813196325193,21.175841235529443
228433,9.919,72.81537947903462,21.16976933594481
143805,9.907,72.84688336120583,21.194177933556944
51940,9.839,72.86951571812153,21.21839969985774
79234,9.917000000000002,72.75153429731783,21.137881754541358
88010,9.959999999999999,72.75145547589148,21.138566103509884
121675,9.703000000000001,72.83819290669793,21.180272978049622
44718,9.9955,72.86776844466037,21.198501603804303
286026,9.798,72.81845344058156,21.235656115158385
224448,9.645000000000001,72.81822898959501,21.176090079144203
299616,9.991999999999999,72.90193159820123,21.10943121279138
88388,9.9425,72.75138084668613,21.138518650361732
107447,9.9225,72.83950305147741,21.18348053040566
214699,9.937999999999999,72.81256614140115,21.197850751207874
266499,9.879,72.840221018854,21.204595098617055
144331,9.986,72.83058808002633,21.162505619606993
51179,9.325,72.8697031758266,21.218457712360998
51833,9.4805,72.86950295606368,21.21839787533495
274810,9.6235,72.77989247394072,21.16451513929638
195711,9.958499999999999,72.85930964800235,21.241304904849933
310963,9.9065,72.78353280118226,21.16690015387964
265812,9.974,72.90282039301637,21.120393611791417
278541,9.873,72.83729423903178,21.20202705729056
78620,9.8605,72.75137750987037,21.138516553094238
165980,9.954500000000001,72.85031898771891,21.18479204417817
87501,9.875,72.75167826800202,21.138744409367828
148145,9.8215,72.85821772282898,21.212893973917392
309885,9.771500000000001,72.78427318018176,21.167174393128086
8851,9.820500000000001,72.8619584203027,21.15047895599602
312242,9.9995,72.84920949951743,21.167891566833337
312889,9.9915,72.81721495665509,21.21489024147287
85907,9.6725,72.75130226430706,21.138468009281418
180408,9.9065,72.88565585157957,21.224495012314193
201196,9.9465,72.81443150450576,21.197534810538627
84778,9.955,72.75260175183477,21.137053483479296
131559,9.9825,72.843643896453,21.193660928961208
183689,9.949,72.79803328506209,21.14998452407507
211439,9.989,72.81112791284444,21.157623913399952
51111,9.911,72.87190256595244,21.219333129116773
150913,9.859,72.76799796545198,21.15228468388629
175745,9.998,72.85602631246988,21.212054656797743
201402,9.8815,72.80705610366668,21.19897686418577
295549,9.929,72.81919524076221,21.18681263279737
77761,9.881,72.75249426238638,21.137132901518058
87956,9.9275,72.75527287067584,21.141842205858914
39012,9.9885,72.87274712311313,21.20743990389756
87119,9.8065,72.75773004456883,21.136501002225465
286174,9.9005,72.81838992056241,21.23607717395983
141397,9.924,72.84009624671941,21.205228771578565
195066,9.820500000000001,72.86201571706133,21.247864127049578
287515,9.761000000000001,72.81848214376882,21.235242566263718
84239,9.8,72.75173412550507,21.138873568326016
146444,9.922,72.85991020635434,21.213634545478893
183591,9.9865,72.79748659300095,21.1548460603679
212895,9.953000000000001,72.80137978665493,21.165774743313058
77976,9.622,72.75153901540851,21.138628947761454
250646,9.99,72.80933437438969,21.157912850019674
88196,9.9055,72.7558540274018,21.142319474467175
166601,9.868,72.85328389069574,21.183845687264395
290481,9.975000000000001,72.87025044867327,21.1884274118085
39755,9.854500000000002,72.87321502467972,21.204610196691178
246983,9.87,72.83233960149536,21.154727189514457
111394,9.9725,72.72036197923569,21.085787408153184
167335,9.9125,72.8433408540704,21.179724655531654
110333,9.963,72.82865428911843,21.19108987223493
89354,9.6665,72.75145856976296,21.138568208157228
198381,9.895,72.80290310285186,21.145457359562034
88117,9.993,72.75135571704564,21.13850258722093
109853,9.969,72.83000153173784,21.19406796431245
282623,9.8565,72.79207707760789,21.244402177237795
312239,9.894499999999999,72.8498331829154,21.16556595639735
198997,9.879999999999999,72.81111511362124,21.169757997026306
87949,9.6725,72.75143695190968,21.138553913801648
224552,9.910499999999999,72.81386166083004,21.176064125701192
24437,9.808499999999999,72.78577210279806,21.156378632921026
210621,9.925,72.81740883828067,21.176397267304765
83657,9.644499999999999,72.75725582760887,21.143408765577494
36397,9.904,72.82009436818632,21.21150072173444
221370,9.671,72.86902909466902,21.201972571419667
280306,9.9695,72.83653652440124,21.201533217452386
40468,9.8025,72.75459204737749,21.136025194980004
172176,9.867,72.85180213889574,21.199704434476768
212691,9.906,72.79877802850868,21.164306261641556
61512,9.795000000000002,72.8310791148226,21.259967451524417
78420,9.5685,72.75144290624432,21.138557656237687
125496,9.989,72.83946134803848,21.203151586678874
215601,9.991999999999999,72.81506980360652,21.197426695282136
150573,9.9565,72.7703621413359,21.159285102365967
51424,9.986,72.87518539808974,21.22083613673761
87152,9.829500000000001,72.75272603683645,21.136961655928403
39452,9.320999999999998,72.87299077197493,21.203102334512813
168181,9.868500000000001,72.84350943520872,21.179568781129277
224298,9.9175,72.82642794254346,21.174450733027022
81932,9.769,72.75254433678475,21.13943302381823
109580,9.811,72.82872873947217,21.191148352767694
182078,9.948500000000001,72.77575062547481,21.152516858363953
245248,9.8615,72.84013513139985,21.178165202224974
250685,9.9135,72.80870687738783,21.15401186149656
151030,9.866,72.76650830607386,21.148661915983293
212237,9.838,72.79793572391554,21.163167061934384
112153,9.9475,72.71721119407498,21.085421852294186
144246,9.9445,72.83201874496943,21.15636650895311
35797,9.945,72.84233620724264,21.211075614661656
65274,9.9645,72.82690071830979,21.1895013694809
200644,9.989,72.81071018110536,21.198210442090147
228277,9.637500000000001,72.81820999406739,21.176037808494367
63292,9.92,72.82148031791213,21.190821586401427
71145,9.9035,72.82579873523149,21.19871847936373
200997,9.762,72.82459770686691,21.198478993943965
65537,9.754,72.82526406745224,21.18911263646517
60499,9.9665,72.82368884373655,21.187212334819026
144707,9.8025,72.82712251332684,21.169192715017537
183401,9.831999999999999,72.79796600521698,21.15042752113384
174394,9.803,72.85011166798026,21.200305390919528
213298,9.8965,72.80320931306281,21.17485973383253
173414,9.945,72.8490898670972,21.203684056684462
109947,9.9735,72.82413019436142,21.18736485405013
158000,9.9995,72.7985503806474,21.14579260474504
20384,9.772,72.88793888536667,21.225522599909123
153596,9.8625,72.76711159887495,21.157190338567123
203776,9.6065,72.82076022235229,21.19705781891785
39700,9.9005,72.87315519959284,21.20583943499132
45310,9.918000000000001,72.75133826425983,21.1381171464431
122993,9.798,72.82442186151857,21.187574382353173
199564,9.931999999999999,72.81273624022046,21.175953783397926
60759,9.852,72.82423027911501,21.187601381561347
84098,9.8645,72.75273022950792,21.139594786811397
222144,9.9445,72.86484259179734,21.211183169358264
71353,9.9785,72.82111685290947,21.197112321260025
78027,9.8915,72.75367546198274,21.14041731563969
224731,9.948,72.81687507370727,21.176339495006637
87151,9.9355,72.75285827919038,21.136863948876993
210616,9.924,72.80774734401886,21.175377535024456
78762,9.737,72.7527988970792,21.136907823285068
36258,9.939499999999999,72.81788299597982,21.214957544219295
80901,9.907499999999999,72.7516545104728,21.138724647765045
183447,9.948500000000001,72.79723071474591,21.158191247943297
80937,9.940999999999999,72.75153863641543,21.138628639547044
84904,9.994,72.7524884059949,21.13938435299922
155324,9.84,72.79850618784388,21.146016639949103
224296,9.9875,72.82560876952323,21.176715918767645
228124,9.868,72.81769153999083,21.174850089045133
81516,9.846,72.75456621864926,21.141192427908233
251408,9.973,72.79898628031394,21.205067034356368
81787,9.9985,72.75138385127522,21.138520538816824
80453,9.845,72.75320563700618,21.140008481841516
85848,9.65,72.75130068589266,21.138466988223477
87588,9.8225,72.75507385203365,21.14163427914128
83947,9.892000000000001,72.75136047779459,21.138505666891152
29404,9.642000000000001,72.78600467190934,21.210542850932235
144670,9.959,72.82970471269776,21.165840623162428
109309,9.974,72.82999723211495,21.193936268184565
234542,9.93,72.87012723153751,21.188987912312594
200682,9.995,72.81497528962498,21.197442704248164
236863,9.9905,72.84292845969534,21.180109206025
166540,9.8805,72.85639540555235,21.175944370182915
204383,9.4065,72.82066196578198,21.19704478866633
122220,9.9045,72.8368192809618,21.179655557541825
157681,9.498999999999999,72.79895738706873,21.144871976723884
227983,9.9035,72.78812708291387,21.183649546558424
148310,9.642000000000001,72.76391065403782,21.154212625750606
157940,9.9215,72.79872486593887,21.146143011889034
201511,9.8865,72.81845327590233,21.19686687206012
125259,9.971499999999999,72.84329906451416,21.207385369930403
226967,9.911,72.8165384625658,21.172357463538567
83014,9.9815,72.75644103683032,21.142737546857454
87887,9.998999999999999,72.7633409281801,21.147171486753134
204723,9.879999999999999,72.82518062147739,21.19860758785398
123230,9.934,72.82864241175174,21.191080542591585
122254,9.9295,72.83746029916391,21.17994601995978
67063,9.759500000000001,72.82432885119765,21.187677779434072
58625,9.991999999999999,72.81712942081985,21.189670488313425
29233,9.440000000000001,72.79894595970053,21.14493444304861
175664,9.9815,72.86081005761677,21.214294588129654
243148,9.751,72.81810488977932,21.1764725704525
312595,9.9905,72.84585759362443,21.215824942019317
67921,9.9985,72.82423677163926,21.1876064135686
107192,9.7415,72.83868221742486,21.180486368635282
234243,9.872,72.8694024919471,21.193872379690273
213659,9.7975,72.80696916981131,21.150558929154386
234673,9.7645,72.86925956978654,21.194321789878497
79600,9.923,72.75715931969415,21.143306556782086
224301,9.8965,72.82342874383535,21.181026902220953
156421,9.9355,72.79837181241447,21.148069078024502
183299,9.723,72.79873539827115,21.14608543938986
315656,9.9535,72.85767990735422,21.16577907212072
109899,9.812999999999999,72.8290073366786,21.191367165202454
210643,9.9755,72.80694793829652,21.175286283273405
157498,9.934,72.79807043219712,21.149739931146414
219719,9.9305,72.82467323497266,21.20778625111546
222609,9.906,72.86692601740194,21.214628677007248
252319,9.663499999999999,72.80145101383908,21.20232163584468
174478,9.9865,72.8180029824467,21.162360790252208
119487,9.9465,72.83968928233135,21.180890280326448
123695,9.947000000000001,72.84030481732049,21.181139325514
146632,9.974,72.85130907378777,21.210248003792017
172882,9.882,72.85146633103419,21.199819621904247
228511,9.9825,72.81438393727056,21.16761560449406
214517,9.9865,72.81846085436739,21.196865935857538
152687,9.806999999999999,72.76718313658041,21.15546783967103
250312,9.927,72.80926789566789,21.156792578178823
253099,9.9215,72.79809010787552,21.206030915813706
218165,9.853000000000002,72.82355422546323,21.210554957285225
213995,9.931999999999999,72.8171950813019,21.197066696384596
252776,9.978000000000002,72.7959726492749,21.2082820743796
175078,9.956,72.85504008592493,21.21165410068494
220028,9.68,72.8240528050981,21.20982603179101
63553,9.979000000000001,72.81287303771306,21.186770955591637
146670,9.9985,72.85537420834056,21.211586919489253
227263,9.9825,72.81629974113031,21.17178544922424
20284,9.814499999999999,72.88139724331876,21.22255396668487
153111,9.959,72.76755620351722,21.15439592799563
207255,9.931,72.83655810385868,21.2326550215309
146963,9.917000000000002,72.85575733379581,21.211740319012016
236669,9.8305,72.84475632117751,21.178406527863082
29186,9.977,72.7976389797681,21.152784697009814
77892,9.9005,72.76242544163573,21.137558600370763
251835,9.82,72.79725396190656,21.206922267907345
202915,9.9875,72.82238484678457,21.197470424544093
29244,9.873,72.7977554349873,21.15181397560319
147860,9.928,72.85721428175529,21.2124557383131
172038,9.968,72.85162995584443,21.199763504169344
225916,9.9665,72.80230974413261,21.18127248466548
204574,9.9175,72.82068249685109,21.197047511389812
146904,9.815,72.86001129545629,21.213680985534516
201021,9.552,72.82107362806109,21.197134094806362
253137,9.736,72.7987763241371,21.20529001054534
251539,9.8415,72.7991825552986,21.204858586867246
245260,9.991999999999999,72.83984498982875,21.171657136662155
237606,9.9205,72.84907616594415,21.168493584239698
201510,9.8225,72.81670898887201,21.1971490377054
62588,9.7215,72.81942324692324,21.19061525237288
206619,9.925,72.83276070384834,21.23367368127037
265283,9.894499999999999,72.81434023693765,21.186104922129527
149145,9.991,72.7624966040093,21.150932197166043
66003,9.767000000000001,72.82292475159679,21.18670158907538
173628,9.9865,72.85401382997678,21.19969738554174
142402,9.9255,72.84573033324698,21.177502335192518
310208,9.9615,72.80241349212929,21.145137068476153
202194,9.9295,72.81895402535044,21.196824130366053
175715,9.948500000000001,72.85202566575708,21.210660113034304
60407,9.98,72.82280871196045,21.18663541789767
218575,9.735,72.82492836732418,21.20713899621667
243318,9.6845,72.86124797711938,21.245881249466258
157866,9.914000000000001,72.79823044896341,21.147426959383896
68685,9.8315,72.8181515668943,21.1969046686831
250475,9.948,72.80696689486373,21.14958085398388
142026,9.869499999999999,72.84170359532396,21.18123733213874
167380,9.891,72.84805557998071,21.1731068196039
226946,9.9285,72.8155600064101,21.170898972760657
149169,9.8605,72.76217772570794,21.150429116280154
166152,9.698,72.85508755565046,21.180547356875987
119347,9.8455,72.84763207281078,21.174728156157915
172893,9.948500000000001,72.85080456790149,21.200051466685633
147680,9.948500000000001,72.85609798953801,21.211907596190972
146008,9.9225,72.85621071117339,21.21196294732059
200294,9.9445,72.81245389213228,21.19786976240217
249944,9.8895,72.79507466750793,21.17411583271375
69064,9.768500000000001,72.81566176793936,21.19732642588303
77552,9.5235,72.82003664626525,21.190897484870963
175595,9.9095,72.85869180026911,21.213260901993962
62059,9.985,72.82223199664061,21.190676140762847
215802,9.99,72.82795300191597,21.19847740813075
252654,9.9755,72.80291590260421,21.20067182428977
62035,9.251999999999999,72.81947696881932,21.190618939391072
213762,9.774,72.81593631321333,21.1972799214908
156067,9.8995,72.79894478727365,21.14494085197433
65077,9.8805,72.81902325759117,21.183373795500387
156275,9.649500000000002,72.79896867910749,21.144810250093972
175986,9.812999999999999,72.85875696409427,21.213290644497086
213849,9.7135,72.8180008203784,21.196930205381673
214614,9.955,72.82220724432962,21.19742240793532
147283,9.815999999999999,72.85814157294439,21.212860867062417
216272,9.946,72.82287627222564,21.197473670498184
236859,9.9905,72.84827747110442,21.17213500482261
175823,9.786,72.85161611698126,21.210523096042913
218698,9.986,72.82275307416293,21.215783566233007
311293,9.890500000000001,72.80817454105635,21.14667014576583
168229,9.980500000000001,72.84635500854213,21.176930917359684
67064,9.947000000000001,72.82728759675024,21.189875492440066
173797,9.995,72.85358017363035,21.199678003312936
201817,9.9865,72.80810974354169,21.19866754673116
215836,9.794,72.82218105429467,21.197383529045695
244186,9.993,72.8637932970764,21.25243584466114
143545,9.8855,72.84612538373479,21.19428306232552
67585,9.914000000000001,72.8167357146957,21.18953164477348
173744,9.5935,72.85541535691495,21.19924337419255
215051,9.898,72.81722743298066,21.197061216138543
290068,9.915000000000001,72.82971698380545,21.197935949130468
236328,9.822000000000001,72.84940057833444,21.166956447445784
165214,9.795000000000002,72.85364636014275,21.18378747134441
218983,9.9235,72.82430863180548,21.209464809606583
177139,9.9375,72.83193928129873,21.156756448830546
166459,9.841,72.85415673555332,21.183045600405233
172888,9.846,72.85726441670013,21.199752249674304
66668,9.732500000000002,72.82513030695722,21.188520444456763
215530,9.698,72.81193363099374,21.197957875822972
65154,9.834,72.8239160628599,21.187367957397562
66533,9.9825,72.8273103029956,21.189898636984655
219879,9.8015,72.8236324757578,21.21041952332286
156093,9.9505,72.79777564348421,21.151680918609223
164196,9.897,72.85507640510838,21.18060097136906
164493,9.997,72.85812450595253,21.172519014799153
165065,9.8,72.85426749047602,21.18280449788127
214877,9.9345,72.81267950068467,21.197831551932932
142405,9.902,72.84563748956556,21.177584790257022
66031,9.8345,72.8185949067134,21.176429601976228
168279,9.895,72.84701686084755,21.17627573969849
68147,9.9195,72.82525201124544,21.18909303921548
60616,9.833,72.8195522696855,21.184506243471183
60881,9.814,72.82525782547293,21.18910249018776
214071,9.940999999999999,72.80993594350332,21.19834949404412
63201,9.939,72.82582724966409,21.191141641418195
172384,9.9705,72.86310316809727,21.20138712377287
63257,9.811,72.82002216756682,21.19088952740084
70462,9.854500000000002,72.81638983796117,21.197203099248192
166966,9.9565,72.848172313526,21.172595564613722
66135,9.9535,72.82111074400358,21.18500186148036
70353,9.934999999999999,72.81084039700043,21.198199641121075
70600,9.994,72.81586227211724,21.1972924631354
64278,9.547,72.82135069185536,21.190839761621422
62647,9.770999999999999,72.81952957996289,21.190622550159926
62046,9.623000000000001,72.81734467727293,21.18977570267113
77595,9.9245,72.8186848192379,21.190485926648957
173003,9.9825,72.86282645738122,21.201262681117143
60833,9.980500000000001,72.82012627200315,21.1846641547233
